Team_999_student1ID,Team_999_student2ID,Overall Cohen’s kappa on question type,Overall Cohen’s kappa on sentence categories,Cohen’s kappa on contradiction,Cohen’s kappa on exaggeration,Cohen’s kappa on understatement,Cohen’s kappa on agree with the gold answer,Cohen’s kappa on cannot assess,Cohen’s kappa on general comment,Cohen’s kappa on harmfulness
111,222,0.8321678321678322,0.8293865905848788,0.768067226890756,0.7937219730941706,0.8497713912475505,0.8148427672955977,0.8410138248847927,0.8232280102476516,0.2727272727272725
111,333,0.5167785234899329,0.4941580756013746,0.5284249767008382,0.5700934579439251,0.5304625199362037,0.5833962264150945,0.5524324324324325,0.6018177883574983,0.03030303030302988
222,333,0.6771300448430493,0.6607252612169637,0.7856477166821992,0.7516198704103672,0.669497060744611,0.7685534591194968,0.6993464052287581,0.7893422148209824,0.6190476190476188
